category,amt,city_pop,fraud,trans_month,trans_quarter,Cust_age,city_pop_category,avg_amount_by_category,gender_F,gender_M,trans_year_2019,trans_year_2020
12,17.8,124068,0,2,1,39,2,59.703755,1,0,1,0
7,68.9,1,0,3,1,28,0,64.271797,1,0,0,1
3,46.2,6066,0,3,1,34,1,60.590639,1,0,1,0
8,91.39,102594,0,4,2,50,2,115.06875,0,1,0,1
9,30.34,10340,0,3,1,21,1,116.654856,0,1,1,0
12,16.4,5370,0,8,3,48,1,56.935838,1,0,0,1
0,4.06,10426,0,2,1,56,1,51.691546,1,0,0,1
5,126.8,1,0,8,3,32,0,80.606276,1,0,0,1
2,356.38,11540,0,5,2,65,1,62.237027,0,1,0,1
8,0.01,53937,0,9,3,29,2,63.486186,1,0,0,1
7,19.3,1,0,7,3,81,0,91.383437,1,0,0,1
6,27.84,22882,0,11,4,41,1,57.070988,1,0,0,1
13,195.54,38972,0,6,2,48,1,116.462179,1,0,1,0
7,15.83,1,0,4,2,83,0,88.611732,0,1,0,1
5,97.13,1,0,8,3,50,0,82.326656,1,0,0,1
0,0.01,36649,0,8,3,89,1,63.459787,0,1,1,0
4,198.21,4286,0,6,2,31,0,116.202696,0,1,0,1
12,26.4,6105,0,7,3,51,1,65.468159,0,1,1,0
6,26.2,1,0,6,2,43,0,54.600795,1,0,0,1
12,11.67,13082,0,4,2,46,1,61.631842,0,1,0,1
7,102.62,5889,0,4,2,32,1,86.949462,1,0,0,1
7,509.82,141686,0,11,4,79,2,81.151573,0,1,0,1
6,24.39,6258,0,9,3,32,1,51.62643,0,1,1,0
7,51.41,9581,0,2,1,44,1,56.565213,1,0,1,0
0,23.39,1,0,12,4,76,0,63.949918,0,1,0,1
0,16.77,12604,0,9,3,27,1,58.175388,0,1,1,0
6,15.88,1,0,1,1,46,0,63.481365,0,1,0,1
8,9.68,1312,0,9,3,45,0,77.615069,1,0,1,0
7,38.37,21064,0,8,3,35,1,50.089294,0,1,0,1
6,44.08,24679,0,11,4,28,1,54.47009,1,0,0,1
4,37.39,22545,0,6,2,22,1,88.341502,1,0,0,1
9,65.57,3450,0,7,3,81,0,64.12854,0,1,0,1
8,29.79,1,0,4,2,36,0,61.050841,1,0,1,0
0,0.01,9201,0,4,2,30,1,88.906655,0,1,1,0
6,116.79,1,0,8,3,32,0,89.814997,1,0,1,0
9,19.72,7247,0,10,4,31,1,63.173518,1,0,0,1
10,20.32,16374,0,11,4,62,1,57.679911,1,0,0,1
4,6.42,1,0,10,4,63,0,47.868925,0,1,0,1
12,127.32,12743,0,8,3,28,1,115.950535,0,1,1,0
9,44.99,11851,0,7,3,20,1,58.069973,1,0,0,1
6,80.86,78512,0,5,2,51,2,118.540992,0,1,1,0
8,121.98,474684,0,10,4,59,2,57.360655,1,0,1,0
12,498.16,12160,0,4,2,37,1,110.147888,0,1,1,0
3,75.12,642015,0,4,2,53,2,116.374252,1,0,0,1
2,95.58,1,0,11,4,27,0,54.380913,0,1,1,0
6,103.27,1,0,8,3,47,0,116.521096,1,0,0,1
1,13.91,1,0,5,2,37,0,51.729545,1,0,0,1
11,31.18,9868,0,11,4,43,1,58.154495,0,1,0,1
13,113.23,1,0,12,4,27,0,118.082498,0,1,0,1
8,73.46,7103,0,4,2,51,1,64.332038,1,0,1,0
13,62.42,1,0,7,3,46,0,65.392308,0,1,1,0
0,83.23,1,0,6,2,43,0,57.003592,0,1,0,1
8,8.38,6858,0,9,3,43,1,46.870058,1,0,0,1
6,29.48,1349986,0,12,4,39,2,54.0388,1,0,0,1
3,145.32,1,0,7,3,77,0,116.425048,0,1,0,1
4,1.23,22845,0,10,4,63,1,46.579677,0,1,1,0
7,126.26,26076,0,8,3,49,1,56.961599,0,1,1,0
8,25.69,6386,0,11,4,57,1,56.921007,0,1,1,0
2,120.73,126761,0,5,2,38,2,57.328106,0,1,1,0
8,134.59,19076,0,5,2,31,1,63.770118,0,1,0,1
12,87.37,1,0,6,2,51,0,118.440499,0,1,0,1
0,7.88,27991,0,12,4,49,1,51.375752,1,0,0,1
12,135.97,47266,0,8,3,26,1,67.217699,0,1,0,1
8,80.0,65357,0,2,1,29,2,117.193919,0,1,1,0
4,13.01,1,0,1,1,26,0,53.77377,1,0,0,1
10,58.43,1959,0,7,3,31,0,47.992621,0,1,1,0
8,58.83,10302,0,10,4,43,1,57.825082,0,1,1,0
10,0.01,1602694,0,6,2,43,2,63.109745,1,0,1,0
1,83.2,24003,0,7,3,31,1,65.989676,1,0,0,1
0,7.37,492633,0,10,4,39,2,78.249454,1,0,0,1
8,0.01,273018,0,7,3,40,2,49.049941,1,0,0,1
4,0.01,1,0,11,4,73,0,81.362608,1,0,0,1
3,108.51,1,0,8,3,34,0,115.039977,1,0,1,0
5,71.49,1,0,9,3,29,0,52.08251,1,0,1,0
10,7.86,158979,0,10,4,37,2,65.728415,1,0,0,1
2,97.13,4881,0,8,3,56,0,62.361171,1,0,1,0
13,9.16,23481,0,1,1,59,1,64.149624,0,1,0,1
5,7.25,1638380,0,6,2,23,2,86.33113,1,0,1,0
2,53.22,10793,0,2,1,34,1,52.575673,0,1,1,0
0,44.03,22674,0,7,3,24,1,64.717447,1,0,1,0
12,7.97,82703,0,2,1,35,2,63.583829,0,1,1,0
1,1.03,1845,0,7,3,50,0,109.877039,0,1,0,1
5,0.01,7861,0,5,2,47,1,88.74876,0,1,0,1
9,59.85,6814,0,1,1,27,1,50.483246,1,0,0,1
7,0.01,30412,0,2,1,21,1,50.547051,0,1,0,1
3,9.94,1,0,7,3,23,0,63.485808,1,0,1,0
1,214.19,1,0,1,1,42,0,115.546261,1,0,1,0
9,234.91,70926,0,11,4,31,2,57.039302,0,1,1,0
6,57.29,388811,0,10,4,42,2,53.930651,1,0,0,1
0,55.69,1,0,9,3,59,0,59.357942,1,0,1,0
2,79.58,1,0,3,1,48,0,64.952592,0,1,1,0
7,38.53,413703,0,10,4,50,2,56.685345,1,0,0,1
2,0.5,530479,0,8,3,24,2,52.28865,0,1,0,1
5,10.21,2840,0,5,2,36,0,57.189225,1,0,0,1
1,0.01,1,0,1,1,46,0,90.72355,1,0,1,0
11,385.33,22663,0,7,3,44,1,87.062775,1,0,0,1
8,40.6,24186,0,10,4,50,1,80.937914,1,0,0,1
10,0.01,9787,0,1,1,73,1,87.65306,1,0,1,0
0,60.32,1610556,0,1,1,22,2,59.99776,1,0,0,1
5,38.64,21234,0,5,2,22,1,64.891993,1,0,0,1
3,293.07,25961,0,7,3,28,1,61.314877,1,0,1,0
8,24.86,10068,0,6,2,61,1,110.602477,1,0,1,0
11,208.67,9311,0,6,2,45,1,52.095474,0,1,1,0
3,66.49,141933,0,4,2,39,2,55.041957,0,1,0,1
10,43.15,1,0,1,1,32,0,58.07156,0,1,1,0
8,54.93,11445,0,1,1,37,1,51.184574,0,1,0,1
11,39.21,1,0,2,1,18,0,64.359188,1,0,0,1
1,141.46,308375,0,9,3,43,2,64.323676,1,0,1,0
13,50.71,20899,0,10,4,68,1,46.387759,0,1,0,1
6,0.01,922884,0,6,2,31,2,80.100221,1,0,0,1
3,75.55,48006,0,1,1,50,1,57.79865,0,1,0,1
2,40.66,753412,0,5,2,40,2,65.663929,1,0,1,0
13,0.01,29478,0,12,4,76,1,66.15925,1,0,1,0
12,83.96,100751,0,3,1,68,2,117.94713,0,1,0,1
1,121.33,2411,0,6,2,77,0,117.338351,0,1,1,0
6,75.06,2392,0,7,3,45,0,117.909143,0,1,1,0
10,62.42,17656,0,4,2,52,1,50.304734,1,0,0,1
8,76.5,1,0,6,2,41,0,47.798,1,0,1,0
2,99.03,8208,0,6,2,32,1,56.488615,0,1,0,1
5,9.95,1,0,6,2,65,0,62.616283,1,0,1,0
5,0.01,6963,0,9,3,52,1,111.660877,0,1,1,0
4,82.29,2573,0,7,3,48,0,62.800877,1,0,1,0
13,3520.9,1,0,1,1,41,0,112.098817,0,1,1,0
2,100.88,1,0,1,1,37,0,64.096697,0,1,1,0
9,70.28,1,0,5,2,45,0,57.807956,1,0,1,0
12,121.45,1,0,11,4,62,0,117.671442,0,1,1,0
11,34.59,27120,0,1,1,57,1,58.106229,1,0,0,1
11,21.2,1,0,1,1,78,0,63.931936,1,0,0,1
2,21.64,1,0,9,3,66,0,56.6098,0,1,1,0
1,5.58,1,0,6,2,24,0,54.589747,0,1,1,0
10,23.65,1,0,3,1,51,0,51.956013,1,0,1,0
10,0.01,1308934,0,3,1,20,2,80.277439,1,0,1,0
10,15.47,228206,0,8,3,25,2,88.529077,1,0,0,1
5,116.57,21266,0,7,3,40,1,63.389429,0,1,0,1
7,472.9,1,0,8,3,45,0,110.597198,0,1,1,0
0,35.12,20416,0,4,2,30,1,56.1166,0,1,0,1
4,268.21,2591,0,7,3,49,0,90.030429,1,0,0,1
7,105.76,1135,0,11,4,51,0,58.825857,1,0,1,0
1,91.94,1,0,4,2,43,0,64.085964,1,0,0,1
1,131.95,181,0,5,2,47,0,119.422168,1,0,1,0
0,11.83,29150,0,2,1,44,1,111.014308,1,0,0,1
2,150.5,682093,0,8,3,52,2,54.878895,0,1,0,1
13,0.01,1,0,1,1,53,0,110.96696,1,0,1,0
9,107.95,1,0,3,1,64,0,81.421284,1,0,0,1
13,0.01,1241584,0,9,3,31,2,87.973019,0,1,0,1
3,0.01,10572,0,1,1,19,1,54.592987,0,1,1,0
8,20.37,10947,0,12,4,43,1,59.19247,0,1,1,0
12,36.46,1,0,5,2,43,0,58.018131,1,0,0,1
4,21.81,16359,0,5,2,51,1,83.303041,1,0,1,0
9,53.41,15662,0,7,3,32,1,63.717059,0,1,1,0
9,6.65,3361,0,8,3,51,0,81.440196,0,1,0,1
11,0.01,856303,0,6,2,55,2,110.12415,1,0,1,0
13,29.73,6058,0,11,4,53,1,63.938871,0,1,0,1
8,153.71,10897,0,12,4,24,1,47.821751,1,0,0,1
8,43.21,44495,0,3,1,42,1,116.230798,1,0,0,1
12,67.48,2696,0,9,3,40,0,62.46098,1,0,0,1
9,98.74,706,0,4,2,38,0,120.287363,0,1,0,1
5,92.32,25360,0,12,4,55,1,63.095432,1,0,0,1
8,84.94,1,0,4,2,72,0,115.181106,0,1,0,1
7,114.8,1,0,4,2,31,0,78.43138,1,0,1,0
3,47.58,215723,0,9,3,53,2,63.357513,1,0,0,1
7,83.45,1,0,10,4,42,0,54.416186,0,1,1,0
8,45.96,2042,0,2,1,47,0,63.25759,0,1,0,1
12,0.01,1,0,7,3,41,0,89.301781,1,0,1,0
8,17.89,1,0,5,2,47,0,53.334975,1,0,1,0
2,73.31,80965,0,8,3,35,2,57.928906,1,0,1,0
13,84.89,92018,0,7,3,33,2,115.89957,1,0,0,1
8,18.22,28443,0,12,4,59,1,50.362995,1,0,1,0
4,122.67,1,0,12,4,18,0,57.024035,0,1,1,0
10,11.57,1,0,8,3,79,0,46.517762,1,0,0,1
5,55.03,1,0,9,3,31,0,64.737458,0,1,0,1
5,37.48,1,0,11,4,33,0,54.984155,0,1,0,1
11,69.89,68021,0,3,1,66,2,52.33724,0,1,1,0
12,80.02,1,0,9,3,45,0,58.207639,0,1,0,1
7,17.71,1586,0,10,4,32,0,55.093232,0,1,0,1
5,104.53,1,0,2,1,41,0,55.329578,1,0,1,0
12,29.3,1,0,11,4,35,0,89.532403,1,0,0,1
2,77.66,976102,0,9,3,22,2,57.726918,0,1,1,0
10,98.3,6322,0,5,2,47,1,117.758624,1,0,1,0
8,71.92,7770,0,6,2,36,1,64.630669,0,1,0,1
11,101.46,39688,0,6,2,36,1,79.884925,0,1,1,0
5,4.98,14019,0,12,4,90,1,52.2798,0,1,1,0
11,104.23,160687,0,12,4,36,2,56.627226,1,0,1,0
0,133.8,10656,0,10,4,90,1,117.681707,1,0,0,1
10,12.13,23,0,8,3,72,0,80.148385,1,0,1,0
0,53.66,1,0,2,1,93,0,46.295698,1,0,1,0
8,165.75,1676,0,11,4,40,0,56.945637,1,0,0,1
2,116.64,6991,0,2,1,45,1,78.400443,1,0,0,1
13,0.01,9812,0,3,1,29,1,62.129543,1,0,1,0
10,29.91,1,0,1,1,45,0,86.780448,0,1,0,1
1,252.69,24351,0,12,4,58,1,49.370611,0,1,1,0
12,16.18,17103,0,6,2,65,1,56.491454,0,1,0,1
3,0.01,1,0,3,1,47,0,58.265693,1,0,0,1
7,144.79,13506,0,1,1,18,1,61.111334,1,0,0,1
1,65.85,30673,0,5,2,34,1,88.321753,0,1,1,0
1,66.17,30046,0,9,3,35,1,118.292214,1,0,0,1
3,85.88,1,0,12,4,52,0,61.811305,1,0,0,1
7,49.92,1,0,7,3,46,0,50.87402,0,1,1,0
7,31.22,24184,0,8,3,33,1,49.254884,0,1,1,0
11,5.91,55293,0,11,4,25,2,78.777613,0,1,0,1
2,36.68,1,0,11,4,32,0,61.861952,1,0,1,0
10,95.33,11720,0,4,2,89,1,55.571471,1,0,0,1
0,466.82,7009,0,12,4,37,1,110.869661,1,0,1,0
4,14.72,1055,0,7,3,23,0,55.498502,0,1,0,1
2,64.18,1,0,12,4,30,0,117.513568,1,0,0,1
1,22.94,1,0,2,1,43,0,47.563495,1,0,1,0
8,0.01,1302124,0,2,1,38,2,111.841619,1,0,1,0
12,71.08,1,0,11,4,83,0,117.37936,1,0,1,0
9,78.09,34896,0,9,3,41,1,118.245626,1,0,0,1
11,34.92,13340,0,3,1,27,1,50.451173,0,1,0,1
8,21.14,700718,0,11,4,46,2,111.29932,0,1,1,0
0,0.01,4935,0,2,1,34,0,58.082938,0,1,0,1
4,27.15,3650,0,9,3,41,0,59.029878,1,0,0,1
11,112.08,1,0,3,1,59,0,115.715145,0,1,1,0
0,65.77,1,0,1,1,39,0,59.416771,0,1,0,1
1,152.09,1,0,10,4,68,0,58.735753,1,0,1,0
11,71.96,498267,0,11,4,27,2,52.111376,0,1,0,1
0,22.05,2470597,0,2,1,20,2,112.742685,1,0,1,0
13,124.1,1,0,2,1,29,0,82.057939,0,1,1,0
10,35.43,1546290,0,8,3,33,2,59.398043,1,0,1,0
9,74.8,1,0,1,1,46,0,65.925506,1,0,1,0
7,79.51,1332485,0,9,3,20,2,48.093093,1,0,1,0
1,240.07,385139,0,11,4,42,2,49.074466,0,1,0,1
5,18.01,58425,0,10,4,49,2,55.87829,1,0,1,0
11,6.67,1,0,3,1,43,0,48.302984,0,1,0,1
12,23.72,8837,0,3,1,20,1,53.007958,1,0,1,0
6,39.31,11374,0,9,3,36,1,87.333865,0,1,1,0
11,31.78,19537,0,1,1,41,1,111.170756,1,0,0,1
10,0.01,14103,0,7,3,46,1,89.226303,1,0,1,0
0,88.36,18659,0,6,2,41,1,56.362311,1,0,1,0
8,30.87,485476,0,9,3,38,2,62.01629,1,0,0,1
8,0.55,1,0,3,1,31,0,81.162252,1,0,1,0
7,11.87,1,0,10,4,66,0,46.65764,1,0,0,1
10,60.36,7071,0,9,3,41,1,58.583547,0,1,1,0
12,44.14,8408,0,3,1,35,1,57.559524,1,0,0,1
7,50.39,1,0,5,2,40,0,54.415106,1,0,1,0
4,18.72,12154,0,1,1,55,1,52.48647,1,0,1,0
13,131.15,17813,0,6,2,55,1,117.899827,0,1,0,1
13,66.06,23206,0,4,2,51,1,118.107451,1,0,0,1
9,44.81,25967,0,2,1,78,1,61.997049,0,1,0,1
8,44.3,26198,0,7,3,21,1,64.798616,1,0,1,0
1,3.05,1,0,7,3,27,0,80.051098,0,1,1,0
5,0.01,27795,0,2,1,75,1,81.426661,1,0,0,1
2,87.51,1,0,3,1,64,0,117.30243,1,0,1,0
7,56.91,32022,0,1,1,41,1,79.894888,0,1,1,0
11,3.85,14453,0,9,3,58,1,54.549244,1,0,1,0
3,101.19,453673,0,5,2,58,2,50.085755,1,0,0,1
13,54.74,1,0,1,1,30,0,52.070634,0,1,1,0
1,132.84,1,0,3,1,46,0,118.061925,1,0,1,0
1,23.95,1,0,12,4,44,0,58.38885,0,1,1,0
13,82.73,16811,0,4,2,65,1,59.580517,1,0,1,0
1,32.29,55883,0,9,3,32,2,57.45254,1,0,1,0
10,77.79,1,0,6,2,24,0,55.770018,1,0,1,0
10,107.76,418151,0,3,1,49,2,58.702731,1,0,1,0
4,78.41,1252325,0,4,2,67,2,63.702615,1,0,1,0
0,87.03,1,0,1,1,34,0,54.555485,0,1,0,1
4,50.0,12538,0,9,3,92,1,62.62054,0,1,0,1
0,46.06,1382,0,5,2,72,0,65.454891,1,0,1,0
9,212.71,297082,0,6,2,48,2,63.076576,0,1,1,0
12,0.01,1,0,2,1,46,0,62.154123,0,1,1,0
13,2.22,119544,0,10,4,67,2,48.120398,0,1,1,0
11,6.12,2083,0,3,1,30,0,79.754908,1,0,1,0
10,9.76,87893,0,7,3,44,2,48.396282,0,1,0,1
12,99.74,1,0,11,4,59,0,118.976583,1,0,1,0
10,13.47,772,0,9,3,34,0,87.858391,0,1,0,1
9,22.87,231966,0,8,3,53,2,79.783605,0,1,1,0
13,168.6,1,0,11,4,48,0,113.58266,1,0,1,0
4,11.94,14544,0,3,1,70,1,79.246764,1,0,1,0
5,8.99,10335,0,12,4,58,1,57.120707,1,0,1,0
12,103.69,10331,0,7,3,32,1,46.975228,0,1,1,0
4,0.01,26522,0,5,2,21,1,89.802464,0,1,1,0
4,74.54,23615,0,4,2,42,1,63.757189,1,0,1,0
2,51.04,1,0,9,3,34,0,53.520595,1,0,0,1
3,110.71,41094,0,12,4,34,1,62.954794,1,0,0,1
8,27.69,1,0,9,3,22,0,51.761876,1,0,1,0
12,12.94,882,0,1,1,44,0,79.70568,0,1,0,1
1,43.77,985,0,6,2,40,0,54.92873,1,0,1,0
9,0.01,153273,0,9,3,24,2,85.855478,1,0,1,0
10,57.47,23641,0,5,2,28,1,57.211272,0,1,1,0
12,84.23,1,0,10,4,49,0,47.493153,1,0,1,0
10,10.09,18520,0,9,3,69,1,83.262107,0,1,0,1
2,84.84,1,0,1,1,29,0,117.933618,0,1,0,1
6,13.26,1,0,7,3,30,0,78.605825,1,0,0,1
13,7.78,12433,0,3,1,77,1,64.184808,0,1,0,1
12,0.01,3787,0,6,2,20,0,87.549136,0,1,0,1
8,73.92,1245160,0,5,2,60,2,59.407029,0,1,1,0
13,20.5,1,0,10,4,49,0,79.425071,1,0,1,0
9,6.0,189826,0,11,4,61,2,82.43303,1,0,1,0
0,115.75,30701,0,6,2,69,1,116.480754,1,0,0,1
12,3.25,12701,0,7,3,56,1,52.860501,1,0,1,0
2,144.89,6628,0,8,3,29,1,57.23931,1,0,0,1
5,24.44,1,0,8,3,44,0,48.330517,0,1,0,1
3,37.86,1,0,8,3,47,0,57.547135,0,1,1,0
10,5.89,1,0,10,4,60,0,64.845779,1,0,1,0
0,19.09,4251,0,12,4,43,0,47.266488,1,0,0,1
8,68.41,15423,0,10,4,24,1,117.750292,1,0,1,0
12,68.0,4394,0,2,1,42,0,117.529963,1,0,1,0
11,1.34,1,0,6,2,55,0,79.219563,0,1,1,0
4,1.47,1,0,6,2,49,0,53.586628,1,0,0,1
12,98.14,1,0,7,3,58,0,58.346437,1,0,1,0
5,117.57,379720,0,7,3,42,2,64.10182,0,1,0,1
9,0.01,3775,0,9,3,31,0,81.844853,1,0,1,0
7,107.83,12999,0,6,2,45,1,55.294345,1,0,0,1
0,52.63,11640,0,4,2,48,1,49.194572,1,0,0,1
0,76.55,17328,0,6,2,35,1,57.559829,0,1,1,0
2,19.56,456202,0,11,4,39,2,64.798788,1,0,0,1
13,0.01,1,0,4,2,48,0,51.728729,0,1,1,0
13,19.84,23366,0,1,1,64,1,63.442137,0,1,1,0
5,9.03,1,0,12,4,73,0,78.047064,1,0,0,1
13,177.78,1,0,3,1,84,0,50.580345,0,1,1,0
0,19.71,1,0,8,3,40,0,61.945434,0,1,0,1
13,14.46,14470,0,10,4,75,1,54.933451,1,0,0,1
3,61.59,1,0,4,2,88,0,57.292453,0,1,1,0
0,30.67,11855,0,5,2,73,1,48.158459,1,0,1,0
10,157.19,9718,0,4,2,90,1,118.327959,1,0,0,1
5,39.3,30124,0,2,1,73,1,58.575371,0,1,1,0
4,40.25,1592721,0,2,1,43,2,116.783033,1,0,1,0
10,110.12,42138,0,3,1,34,1,53.30389,1,0,1,0
4,95.74,1,0,6,2,93,0,64.825348,1,0,1,0
10,138.54,19015,0,7,3,25,1,82.062786,1,0,0,1
2,67.91,1,0,1,1,25,0,55.521316,0,1,1,0
1,19.98,85825,0,11,4,32,2,78.907614,0,1,0,1
4,17.31,9,0,9,3,43,0,62.776144,1,0,0,1
8,89.13,1,0,1,1,44,0,48.950733,0,1,0,1
3,82.81,497274,0,11,4,38,2,118.108616,1,0,0,1
2,122.76,86150,0,1,1,44,2,48.338632,1,0,0,1
10,167.42,6165,0,7,3,43,1,81.82948,0,1,1,0
6,38.69,817626,0,6,2,57,2,57.587186,0,1,1,0
6,13.5,1,0,7,3,74,0,47.154119,1,0,0,1
3,13.05,11424,0,12,4,56,1,57.184744,1,0,1,0
0,37.11,1,0,12,4,79,0,64.184161,0,1,0,1
0,47.56,1,0,4,2,30,0,58.116128,0,1,1,0
9,1.98,13471,0,7,3,73,1,45.655515,1,0,0,1
1,71.02,17516,0,12,4,58,1,53.248502,0,1,0,1
3,9.95,10443,0,9,3,18,1,48.057023,0,1,1,0
12,107.88,46315,0,11,4,28,1,57.159878,0,1,0,1
4,105.47,7375,0,6,2,18,1,53.82725,1,0,1,0
10,109.28,11477,0,4,2,25,1,117.586569,0,1,1,0
4,82.62,59499,0,7,3,48,2,46.653103,0,1,0,1
13,71.57,1,0,10,4,33,0,51.7266,0,1,0,1
11,4.83,1,0,12,4,87,0,50.698742,1,0,0,1
6,149.9,7663,0,9,3,68,1,52.074366,1,0,1,0
9,90.95,11815,0,9,3,25,1,56.219603,0,1,1,0
5,68.07,1,0,7,3,35,0,64.388592,1,0,1,0
13,25.98,4828,0,4,2,21,0,49.313458,0,1,0,1
5,15.56,35083,0,6,2,27,1,47.700128,0,1,1,0
11,175.38,10829,0,6,2,27,1,79.612304,1,0,0,1
8,17.68,1,0,10,4,72,0,81.325308,0,1,0,1
9,0.01,14091,0,7,3,65,1,48.654498,0,1,1,0
4,21.74,1,0,10,4,35,0,87.330807,1,0,0,1
11,33.12,1,0,1,1,31,0,58.239337,0,1,1,0
10,32.39,17397,0,10,4,18,1,54.652347,0,1,1,0
11,0.01,1,0,7,3,18,0,89.486127,1,0,1,0
11,64.18,5593,0,12,4,51,1,62.424812,0,1,0,1
2,65.43,32093,0,6,2,42,1,53.313217,1,0,0,1
12,180.33,8997,0,6,2,35,1,47.785379,1,0,0,1
11,71.71,1,0,2,1,53,0,62.652693,0,1,0,1
3,67.1,1,0,10,4,45,0,116.334469,1,0,0,1
13,0.01,1,0,9,3,58,0,62.899695,1,0,0,1
7,147.55,3305,0,11,4,43,0,58.36384,1,0,0,1
4,104.24,1,0,2,1,44,0,116.913851,0,1,1,0
3,215.56,64379,0,3,1,34,2,114.188945,1,0,1,0
5,72.95,1,0,11,4,38,0,54.006623,0,1,0,1
0,8.37,14193,0,1,1,64,1,56.359753,1,0,0,1
9,38.1,41494,0,7,3,39,1,54.733189,1,0,0,1
9,79.91,5983,0,5,2,54,1,55.922526,1,0,0,1
9,12.79,1,0,12,4,42,0,54.169621,1,0,0,1
7,127.08,21830,0,11,4,43,1,78.944706,1,0,0,1
5,58.58,19545,0,11,4,50,1,63.796153,0,1,0,1
10,83.6,16036,0,4,2,28,1,53.894312,1,0,1,0
12,172.83,1,0,8,3,41,0,116.667466,0,1,0,1
1,103.01,135941,0,9,3,26,2,52.232516,0,1,0,1
5,87.06,7947,0,12,4,44,1,61.594343,0,1,0,1
13,145.12,1,0,1,1,48,0,57.436892,1,0,0,1
12,8.55,5559,0,12,4,46,1,79.284669,0,1,1,0
13,100.08,40965,0,5,2,33,1,56.755609,0,1,1,0
2,28.04,10174,0,2,1,45,1,58.932253,0,1,0,1
6,0.01,142337,0,8,3,62,2,57.162536,0,1,0,1
1,56.42,7447,0,10,4,54,1,46.794024,1,0,1,0
12,85.32,24645,0,2,1,50,1,50.785406,0,1,1,0
7,24.27,24574,0,1,1,51,1,64.440007,1,0,0,1
3,24.21,1,0,11,4,19,0,79.696713,0,1,1,0
1,24.89,26703,0,12,4,46,1,65.744387,0,1,0,1
10,64.32,1,0,2,1,90,0,62.594012,0,1,1,0
11,10.74,1,0,11,4,29,0,57.416989,1,0,1,0
12,42.1,1798,0,11,4,57,0,63.948301,1,0,0,1
13,131.11,22695,0,12,4,33,1,58.130049,0,1,0,1
11,30.47,1,0,3,1,53,0,57.539875,0,1,0,1
11,94.43,7389,0,7,3,74,1,55.59181,1,0,0,1
11,53.1,1,0,12,4,33,0,61.939664,1,0,1,0
13,26.42,1,0,11,4,42,0,62.093381,1,0,0,1
6,76.62,25267,0,8,3,32,1,51.6047,0,1,0,1
10,0.01,1,0,3,1,48,0,78.310849,1,0,0,1
11,40.41,277718,0,2,1,48,2,61.276444,1,0,1,0
1,14.62,1,0,4,2,58,0,58.88102,0,1,0,1
9,80.98,29332,0,1,1,29,1,64.904077,1,0,1,0
4,14.38,14895,0,3,1,41,1,46.869631,0,1,0,1
1,97.53,1,0,1,1,91,0,80.783832,1,0,0,1
2,35.57,9467,0,10,4,47,1,55.20967,0,1,1,0
1,60.0,1,0,8,3,23,0,80.494293,0,1,0,1
12,49.5,18455,0,7,3,30,1,54.233535,0,1,0,1
10,22.25,249371,0,10,4,69,2,55.152758,1,0,0,1
1,104.32,31060,0,5,2,23,1,62.539424,1,0,0,1
8,4.53,486353,0,5,2,39,2,65.461561,1,0,0,1
9,50.55,1,0,3,1,63,0,61.546748,0,1,1,0
7,49.92,11111,0,6,2,51,1,61.878278,1,0,0,1
8,56.52,4481,0,3,1,64,0,64.298969,1,0,0,1
12,29.61,14455,0,8,3,27,1,59.574634,1,0,1,0
7,43.85,86821,0,12,4,25,2,58.118119,0,1,1,0
9,65.36,16112,0,7,3,25,1,58.109124,0,1,1,0
7,62.57,1,0,4,2,24,0,54.792956,0,1,0,1
5,0.01,34171,0,9,3,25,1,78.604397,0,1,1,0
12,37.41,1,0,10,4,44,0,63.581338,0,1,0,1
5,11.65,20253,0,6,2,67,1,62.128606,1,0,0,1
11,345.9,25455,0,4,2,42,1,87.097325,1,0,1,0
8,40.76,1,0,9,3,55,0,51.210391,1,0,0,1
9,134.81,84281,0,3,1,35,2,57.650254,1,0,0,1
10,64.66,16458,0,12,4,48,1,64.589302,1,0,0,1
10,7.67,15185,0,4,2,60,1,81.274615,1,0,0,1
7,25.89,3457,0,5,2,54,0,64.090667,1,0,1,0
8,50.67,2827,0,9,3,41,0,58.168905,1,0,1,0
7,0.01,102375,0,1,1,46,2,79.152268,0,1,1,0
4,17.88,22103,0,3,1,43,1,63.887737,0,1,1,0
10,746.3,25904,0,2,1,54,1,79.895578,0,1,0,1
12,123.58,6432,0,5,2,37,1,54.610129,1,0,1,0
9,7.86,377573,0,7,3,26,2,88.929076,1,0,0,1
10,18.97,14905,0,3,1,23,1,57.978857,0,1,0,1
11,259.25,204141,0,5,2,46,2,58.15728,0,1,1,0
5,75.37,10060,0,10,4,19,1,81.61647,1,0,0,1
0,72.95,11375,0,12,4,76,1,58.488003,1,0,1,0
4,89.81,1,0,1,1,39,0,114.997979,1,0,0,1
10,56.94,91467,1,8,3,46,2,59.894769,0,1,1,0
11,44.39,6248,0,1,1,24,1,62.149836,1,0,1,0
7,0.01,67252,0,7,3,58,2,81.238196,0,1,1,0
10,25.19,90716,0,11,4,31,2,62.578547,1,0,0,1
1,25.84,1,0,10,4,49,0,58.809802,0,1,1,0
9,37.85,1,0,3,1,24,0,57.353427,0,1,0,1
9,182.44,1,0,4,2,50,0,57.63175,0,1,1,0
7,104.42,1,0,10,4,23,0,47.636149,1,0,1,0
10,105.82,18156,0,10,4,35,1,50.368282,0,1,0,1
6,74.65,1,0,4,2,31,0,65.872863,0,1,0,1
7,10.15,55955,0,1,1,35,2,79.352435,1,0,1,0
8,6.84,151736,0,6,2,35,2,62.650567,1,0,1,0
11,22.94,36680,0,8,3,45,1,88.003115,1,0,1,0
3,9.91,1,0,6,2,43,0,65.528534,1,0,0,1
4,0.01,4655,0,12,4,76,0,57.10107,1,0,1,0
5,39.84,37102,0,10,4,30,1,53.219,0,1,1,0
2,0.01,23132,0,10,4,79,1,58.718145,0,1,0,1
4,19.63,132420,0,1,1,67,2,78.629165,0,1,1,0
4,7.6,26307,0,11,4,44,1,88.41828,0,1,1,0
4,1.17,1,0,10,4,27,0,79.149975,0,1,0,1
5,41.64,8037,0,5,2,60,1,58.378776,0,1,1,0
7,97.58,45616,0,8,3,82,1,60.559398,1,0,1,0
9,64.11,1,0,10,4,40,0,63.463422,0,1,1,0
4,59.04,1618037,0,11,4,43,2,59.966908,1,0,0,1
11,24.19,1,0,7,3,33,0,46.941088,1,0,0,1
6,73.79,355278,0,1,1,45,2,48.279785,1,0,0,1
10,0.01,77206,0,8,3,44,2,61.404983,0,1,0,1
1,12.57,40898,0,9,3,51,1,57.877327,1,0,1,0
2,4.32,11536,0,1,1,41,1,82.060709,0,1,1,0
6,9.72,18363,0,10,4,33,1,88.590901,0,1,1,0
5,72.85,1,0,3,1,31,0,115.235949,1,0,1,0
6,39.24,1,0,11,4,42,0,56.532647,1,0,0,1
2,0.01,283864,0,7,3,21,2,86.75681,1,0,1,0
6,6.05,285697,0,4,2,48,2,79.902717,0,1,0,1
9,57.54,237892,0,1,1,69,2,65.123977,1,0,0,1
10,60.76,72543,0,1,1,58,2,65.106319,0,1,1,0
3,69.94,1,0,9,3,33,0,55.162992,1,0,0,1
4,53.18,1,0,5,2,77,0,55.890035,0,1,0,1
7,19.23,1,0,11,4,20,0,54.898191,0,1,1,0
7,6.3,7386,0,3,1,72,1,77.38375,0,1,1,0
11,23.4,293056,0,12,4,85,2,57.132878,0,1,1,0
5,30.79,556,0,12,4,63,0,59.513912,1,0,0,1
9,10.6,1,0,2,1,53,0,79.975662,0,1,0,1
12,76.24,1,0,8,3,39,0,61.802258,1,0,1,0
4,0.01,317952,0,12,4,43,2,112.003698,1,0,0,1
11,15.0,74589,0,4,2,36,2,85.821406,1,0,1,0
4,0.01,1,0,1,1,51,0,79.019333,0,1,1,0
4,114.61,1,0,11,4,38,0,89.872349,0,1,1,0
9,143.1,274716,0,6,2,48,2,117.005791,0,1,1,0
8,17.16,7158,0,1,1,66,1,56.8908,1,0,1,0
7,25.86,93400,0,11,4,87,2,63.671347,1,0,1,0
3,100.84,2086,0,9,3,40,0,80.50044,0,1,1,0
1,69.78,14994,0,1,1,56,1,65.04149,0,1,0,1
12,8.19,12059,0,4,2,18,1,54.82144,0,1,1,0
12,42.45,1,0,1,1,36,0,55.077489,1,0,0,1
12,0.01,13634,0,12,4,42,1,48.893939,1,0,0,1
7,70.67,1,0,1,1,66,0,48.315904,1,0,0,1
12,2.9,26103,0,10,4,35,1,51.240044,0,1,1,0
6,13.85,18892,0,7,3,41,1,79.001477,1,0,0,1
1,515.78,1,0,7,3,33,0,109.748954,0,1,1,0
2,9.86,133712,0,10,4,39,2,79.924184,1,0,1,0
3,13.02,1,0,11,4,64,0,53.783727,1,0,0,1
5,116.47,8400,0,2,1,53,1,54.038709,0,1,1,0
13,1.41,15118,0,1,1,23,1,64.353376,1,0,0,1
4,14.16,14035,0,2,1,27,1,47.935817,1,0,1,0
8,176.05,55382,0,9,3,34,2,80.535965,0,1,0,1
3,39.82,1,0,7,3,53,0,64.75614,1,0,0,1
9,0.01,11455,0,2,1,50,1,80.819428,0,1,0,1
7,72.62,1,0,3,1,35,0,64.89616,1,0,0,1
2,54.27,1,1,7,3,54,0,57.206679,1,0,0,1
6,109.1,142347,0,9,3,31,2,65.795833,1,0,1,0
1,1.97,290799,0,5,2,48,2,51.915726,1,0,1,0
12,120.88,10000,0,12,4,70,1,115.510704,1,0,1,0
9,0.01,21326,0,12,4,37,1,88.66474,0,1,0,1
13,0.01,7688,0,10,4,53,1,60.197331,1,0,0,1
12,35.42,1,0,6,2,24,0,79.070771,1,0,0,1
3,9.67,5254,0,11,4,56,1,81.659386,0,1,0,1
9,37.88,31033,0,9,3,56,1,58.834137,1,0,1,0
1,95.57,2771,0,7,3,47,0,56.876968,1,0,0,1
13,55.21,2107,0,6,2,30,0,58.790639,0,1,0,1
10,29.82,143641,0,10,4,84,2,52.408676,0,1,1,0
9,9.64,14337,0,7,3,75,1,80.331927,1,0,1,0
13,8.2,1,0,3,1,53,0,89.795381,1,0,0,1
11,92.23,1,0,12,4,41,0,79.73613,1,0,1,0
12,83.01,3405,0,1,1,29,0,116.606477,0,1,0,1
1,13.58,1,0,9,3,54,0,79.847073,1,0,0,1
0,45.48,513694,0,8,3,40,2,58.084698,0,1,0,1
13,45.18,66557,0,8,3,25,2,63.436846,1,0,0,1
3,37.53,1,0,1,1,37,0,54.944835,1,0,0,1
5,222.69,166919,0,6,2,36,2,116.083465,0,1,0,1
0,84.15,1,0,11,4,59,0,64.210559,1,0,0,1
8,112.96,1,0,3,1,71,0,116.596843,1,0,1,0
11,118.41,125859,0,9,3,23,2,115.022037,0,1,0,1
11,65.01,1,0,11,4,45,0,57.020638,0,1,0,1
8,150.98,62917,0,12,4,48,2,53.068832,1,0,0,1
9,21.57,51972,0,7,3,28,2,79.770719,0,1,1,0
7,55.92,1,0,4,2,82,0,49.492386,0,1,1,0
6,85.64,1,0,9,3,42,0,56.253975,0,1,0,1
7,30.12,10523,0,6,2,35,1,88.326254,1,0,1,0
13,23.89,744702,0,8,3,68,2,49.918317,0,1,1,0
3,0.01,25815,0,9,3,34,1,79.063935,1,0,0,1
6,68.93,15353,0,9,3,64,1,65.777113,0,1,1,0
8,141.18,1,0,3,1,60,0,54.567763,0,1,0,1
7,2.78,30752,0,10,4,46,1,58.74184,1,0,1,0
0,98.29,89384,0,7,3,57,2,52.088131,0,1,1,0
4,97.53,13127,0,12,4,24,1,89.624461,1,0,0,1
9,107.61,1,0,8,3,29,0,47.57328,1,0,1,0
9,66.68,79092,0,11,4,24,2,55.199946,0,1,0,1
10,41.45,23484,0,12,4,29,1,62.41436,0,1,0,1
13,39.73,1,0,12,4,47,0,117.202009,0,1,1,0
9,113.83,13182,0,9,3,73,1,117.418384,0,1,0,1
8,46.53,3770,0,8,3,36,0,57.968516,0,1,1,0
4,102.69,1016,0,2,1,23,0,54.632834,1,0,0,1
5,85.03,756958,0,5,2,58,2,50.799875,0,1,1,0
11,0.01,7663,0,6,2,41,1,61.768713,1,0,1,0
6,10.37,180417,0,10,4,35,2,90.450565,1,0,1,0
10,81.6,7232,0,8,3,26,1,64.718589,1,0,0,1
1,23.1,2915055,0,6,2,33,2,56.56686,1,0,1,0
1,86.8,6140,0,2,1,79,1,48.690537,1,0,0,1
3,64.88,1,0,9,3,59,0,62.502777,0,1,1,0
2,179.31,1,0,6,2,51,0,52.667344,0,1,1,0
8,30.13,1,0,1,1,22,0,55.018662,1,0,0,1
8,27.67,1,0,4,2,91,0,60.463886,1,0,1,0
7,6.2,1,0,11,4,52,0,80.441205,0,1,1,0
4,5.8,1,0,2,1,52,0,53.819954,1,0,0,1
8,157.47,1,0,5,2,45,0,57.897386,0,1,0,1
1,0.01,12193,0,7,3,28,1,64.667436,0,1,1,0
6,14.28,15350,0,2,1,30,1,58.877819,1,0,0,1
2,0.01,2470,0,2,1,34,0,63.138688,0,1,0,1
1,173.17,40620,0,12,4,48,1,117.870694,0,1,1,0
2,5.68,3883,0,8,3,57,0,54.272722,0,1,0,1
1,3.26,13742,0,3,1,66,1,77.741476,1,0,0,1
6,174.49,1,0,3,1,49,0,47.777416,0,1,0,1
7,67.01,1,0,6,2,28,0,59.21617,0,1,1,0
8,10.75,1,0,9,3,43,0,64.644981,1,0,1,0
6,3.93,1,0,9,3,58,0,81.992857,0,1,0,1
2,3.66,3389,0,3,1,64,0,52.660345,0,1,0,1
0,8.61,2917761,0,9,3,33,2,79.901671,1,0,1,0
9,59.7,1,0,11,4,54,0,58.560172,1,0,1,0
13,0.01,34185,0,3,1,30,1,89.362498,0,1,0,1
3,138.48,1,0,1,1,92,0,117.95384,1,0,0,1
2,12.12,76662,0,12,4,45,2,48.436778,0,1,1,0
4,114.87,5679,0,7,3,26,1,81.016115,1,0,1,0
3,75.37,819677,0,10,4,56,2,116.23064,0,1,0,1
3,13.71,1,0,4,2,31,0,55.811734,0,1,0,1
6,131.68,1109,0,4,2,50,0,79.714964,0,1,0,1
10,27.23,16125,0,3,1,28,1,58.38912,0,1,0,1
9,44.1,1,0,3,1,84,0,64.110875,1,0,0,1
13,9.92,5792,0,6,2,50,1,109.594143,1,0,1,0
5,3.94,1281354,0,2,1,43,2,54.53782,0,1,1,0
6,0.01,29650,0,11,4,85,1,65.112414,0,1,1,0
5,3.45,9218,0,7,3,45,1,57.604888,1,0,1,0
0,61.2,60828,0,11,4,44,2,53.663827,0,1,0,1
5,18.25,6703,0,7,3,67,1,62.953603,0,1,0,1
3,30.68,1,0,4,2,18,0,83.619178,1,0,1,0
6,51.95,1,0,7,3,46,0,62.155287,1,0,1,0
2,184.23,559438,0,2,1,32,2,117.23436,0,1,1,0
10,210.26,9909,0,10,4,60,1,63.171692,0,1,1,0
11,119.85,1,0,9,3,60,0,116.306531,1,0,1,0
13,67.16,1,0,2,1,35,0,63.359959,0,1,1,0
1,4.87,212344,0,7,3,53,2,90.131284,0,1,0,1
1,169.17,637835,0,7,3,53,2,50.214897,1,0,1,0
13,74.18,179119,0,3,1,60,2,117.537285,1,0,0,1
11,39.61,142796,0,2,1,66,2,50.663587,0,1,1,0
8,70.04,7327,0,10,4,69,1,61.241929,1,0,1,0
4,2.6,7232,0,4,2,31,1,78.766129,1,0,0,1
7,423.04,7305,0,7,3,46,1,87.758617,1,0,0,1
7,85.88,216722,0,3,1,54,2,61.226117,0,1,1,0
11,572.19,1,0,8,3,58,0,82.832297,1,0,1,0
7,13.21,3742,0,1,1,27,0,49.184994,0,1,1,0
0,0.01,17659,0,5,2,63,1,61.149255,0,1,1,0
9,72.07,21694,0,7,3,48,1,52.02159,1,0,0,1
10,119.83,1,0,6,2,19,0,65.964075,1,0,1,0
4,31.73,16702,0,8,3,56,1,54.219251,1,0,1,0
1,26.23,36770,0,3,1,41,1,52.126293,1,0,1,0
1,17.36,11783,0,6,2,80,1,60.533543,0,1,1,0
11,81.12,3059,0,10,4,32,0,59.974678,0,1,1,0
6,51.0,1,0,5,2,59,0,65.133403,0,1,1,0
7,74.62,1,0,2,1,38,0,58.110896,0,1,0,1
13,43.48,5064,0,11,4,63,1,64.95852,0,1,1,0
0,62.65,405830,0,10,4,34,2,62.474558,0,1,1,0
2,0.01,841066,0,9,3,56,2,47.270884,0,1,0,1
11,145.2,1398,0,10,4,63,0,116.409874,1,0,0,1
7,0.01,140743,0,10,4,78,2,60.280069,0,1,1,0
0,7.93,9390,0,9,3,93,1,52.195128,1,0,1,0
9,80.44,45074,0,7,3,24,1,59.632729,0,1,0,1
1,9.11,11976,0,1,1,57,1,61.70405,1,0,1,0
10,133.8,18747,0,8,3,52,1,64.591315,0,1,0,1
11,64.85,1,0,4,2,39,0,53.411683,0,1,1,0
11,46.42,17022,0,10,4,42,1,63.827285,1,0,1,0
6,130.76,775,0,6,2,28,0,53.35635,0,1,0,1
3,77.64,13155,0,11,4,54,1,61.47886,0,1,1,0
12,36.09,17868,0,8,3,37,1,63.872602,0,1,0,1
7,42.46,5387,0,7,3,50,1,58.080026,1,0,0,1
8,91.15,88623,0,12,4,30,2,60.659874,0,1,1,0
1,9.31,1,0,6,2,47,0,57.565138,0,1,1,0
8,63.48,272967,0,5,2,49,2,52.987177,1,0,1,0
8,468.4,111234,0,5,2,45,2,89.982401,1,0,0,1
4,4.56,28673,0,11,4,31,1,89.24512,0,1,1,0
10,75.19,1,0,10,4,31,0,58.406829,1,0,0,1
1,112.67,660749,0,2,1,50,2,64.893773,1,0,0,1
10,89.71,3097,0,6,2,31,0,116.175692,0,1,0,1
13,54.24,1263063,0,5,2,66,2,63.263908,1,0,1,0
7,24.21,5013,0,8,3,29,1,50.917301,1,0,1,0
1,0.01,16546,0,1,1,37,1,86.868634,1,0,0,1
7,1.07,1,0,9,3,34,0,57.181867,1,0,0,1
7,15.67,46156,0,9,3,22,1,55.392868,1,0,1,0
7,74.79,1771,0,3,1,43,0,48.281039,0,1,0,1
3,27.26,1,0,2,1,60,0,55.843114,0,1,1,0
8,0.01,1,0,8,3,21,0,56.234823,0,1,0,1
3,99.88,8853,0,4,2,28,1,119.041965,1,0,0,1
7,47.86,1,0,12,4,24,0,62.459739,1,0,1,0
8,134.06,16542,0,10,4,74,1,78.494221,0,1,1,0
9,5.66,53765,0,12,4,35,2,63.821812,1,0,1,0
11,63.8,1528,0,7,3,33,0,51.913022,0,1,1,0
12,43.76,3645,0,12,4,58,0,49.747532,1,0,1,0
10,0.01,133883,0,1,1,36,2,110.762248,0,1,0,1
11,6.16,1,0,4,2,61,0,49.678653,0,1,1,0
12,109.48,899626,0,1,1,44,2,62.635322,0,1,1,0
3,88.75,11729,0,9,3,25,1,65.189273,1,0,1,0
4,83.16,25876,0,7,3,54,1,63.738758,1,0,1,0
7,99.09,95253,0,4,2,34,2,49.042751,0,1,0,1
6,38.38,1,0,4,2,53,0,89.354316,1,0,1,0
9,106.78,1,0,8,3,41,0,117.753902,0,1,0,1
0,16.9,2795,0,3,1,42,0,54.562821,1,0,1,0
1,39.93,7720,0,7,3,65,1,57.219884,0,1,0,1
10,100.59,1,0,8,3,48,0,66.529599,1,0,0,1
11,85.11,12903,0,3,1,25,1,46.86585,0,1,1,0
4,117.57,2672,0,3,1,28,0,116.98837,0,1,1,0
4,50.09,36326,0,5,2,36,1,64.179083,0,1,0,1
7,110.1,1,0,8,3,63,0,58.005585,1,0,0,1
6,1.45,600167,0,4,2,28,2,47.456357,1,0,1,0
2,0.55,36755,0,5,2,25,1,79.684174,1,0,0,1
7,66.21,24529,0,7,3,39,1,57.950201,0,1,0,1
11,0.01,56528,0,3,1,49,2,60.614952,1,0,0,1
10,0.01,24529,0,7,3,35,1,47.999324,0,1,1,0
11,39.91,493836,0,2,1,39,2,61.210311,1,0,0,1
9,0.01,7060,0,2,1,54,1,62.01566,1,0,0,1
12,74.59,8499,0,3,1,89,1,53.909371,0,1,0,1
3,139.16,1,0,4,2,47,0,64.764066,1,0,1,0
0,75.1,1,0,1,1,34,0,64.81207,1,0,0,1
1,36.77,2071,0,12,4,49,0,64.122742,0,1,1,0
13,16.54,22091,0,4,2,25,1,114.5929,0,1,1,0
8,17.98,2837,0,10,4,83,0,60.888195,0,1,1,0
3,19.63,1,0,11,4,52,0,90.905739,0,1,1,0
11,108.06,36887,0,10,4,40,1,56.212722,0,1,0,1
4,66.54,97569,0,10,4,58,2,64.916135,0,1,0,1
8,238.81,44576,0,2,1,46,1,56.65829,1,0,1,0
3,61.09,1,0,5,2,68,0,64.259209,1,0,1,0
1,62.95,1,0,9,3,33,0,78.511728,1,0,1,0
3,66.82,1,0,7,3,31,0,64.115779,0,1,0,1
3,171.94,1,0,1,1,26,0,79.464066,0,1,1,0
7,45.09,19229,0,7,3,26,1,62.866864,1,0,1,0
0,99.02,213091,0,10,4,37,2,52.833703,0,1,0,1
3,0.01,42596,0,10,4,32,1,88.796145,1,0,0,1
7,12.46,177980,0,5,2,35,2,86.965136,0,1,1,0
5,90.59,4252,0,3,1,78,0,63.94998,0,1,1,0
8,42.14,1,0,4,2,84,0,60.756186,0,1,1,0
9,53.82,14712,0,4,2,52,1,65.091121,0,1,0,1
13,34.0,182071,0,5,2,45,2,58.396286,0,1,0,1
11,72.93,6933,0,4,2,25,1,63.315414,1,0,1,0
3,44.46,142467,0,6,2,18,2,48.731578,1,0,1,0
9,0.01,1,0,1,1,67,0,55.872518,0,1,1,0
8,53.59,1,0,4,2,54,0,65.007792,1,0,1,0
8,97.74,7349,0,4,2,60,1,87.488237,1,0,0,1
11,0.01,108941,0,2,1,25,2,110.383554,1,0,1,0
2,43.74,128603,0,11,4,18,2,63.21642,0,1,0,1
5,64.58,1,0,9,3,38,0,46.674017,0,1,1,0
11,155.2,10652,0,11,4,67,1,55.99065,0,1,0,1
12,126.85,476708,0,7,3,39,2,57.44544,0,1,1,0
0,3.77,98070,0,2,1,45,2,80.003067,0,1,0,1
6,162.6,8613,0,11,4,40,1,116.066583,0,1,1,0
3,54.15,1,0,6,2,37,0,116.016899,0,1,1,0
2,254.36,3659,0,9,3,28,0,58.153896,1,0,1,0
0,73.1,442419,0,5,2,48,2,57.871935,0,1,0,1
7,121.06,1,0,6,2,33,0,79.07406,1,0,1,0
9,63.13,12271,0,6,2,23,1,51.86762,0,1,1,0
7,19.01,15627,0,4,2,56,1,57.332196,0,1,0,1
5,138.86,1,0,7,3,49,0,53.788378,0,1,0,1
10,2.95,268090,0,9,3,22,2,51.711175,0,1,0,1
9,132.84,1,0,1,1,35,0,58.334262,0,1,1,0
12,60.3,13005,0,2,1,49,1,116.801148,0,1,1,0
4,95.79,1,0,11,4,27,0,88.564666,1,0,1,0
3,93.76,1,0,7,3,61,0,116.016158,1,0,1,0
6,60.8,6091,0,12,4,57,1,115.918587,0,1,0,1
7,27.78,1,0,8,3,38,0,48.938758,0,1,0,1
6,874.44,1,0,8,3,38,0,79.845195,1,0,0,1
11,8.21,9994,0,11,4,55,1,54.695604,0,1,0,1
0,98.69,1,0,8,3,61,0,57.855213,0,1,1,0
7,26.26,24927,0,4,2,36,1,53.797234,0,1,0,1
6,52.82,1,0,7,3,31,0,63.432734,1,0,0,1
2,0.01,1,0,3,1,58,0,59.31552,0,1,0,1
8,12.57,29425,0,5,2,90,1,49.114477,1,0,0,1
11,0.01,18515,0,9,3,62,1,80.981034,1,0,1,0
7,22.64,2239,0,2,1,63,0,59.87439,0,1,1,0
1,12.91,659085,0,9,3,49,2,79.57746,0,1,1,0
1,95.86,1,0,8,3,48,0,64.203385,1,0,0,1
5,8.78,2907811,0,4,2,36,2,58.507892,1,0,1,0
9,0.01,638,0,1,1,26,0,79.600397,1,0,1,0
4,8.21,815935,0,9,3,18,2,87.555027,0,1,1,0
4,57.74,1374,0,10,4,43,0,51.996743,0,1,1,0
12,72.32,1,0,9,3,53,0,66.940226,1,0,0,1
0,4.34,1,0,6,2,36,0,62.107912,1,0,0,1
1,5698.65,1,0,8,3,31,0,111.336162,0,1,0,1
2,95.96,14166,0,5,2,30,1,50.577496,1,0,1,0
13,99.64,1,0,5,2,84,0,116.37948,1,0,1,0
6,26.62,1,0,4,2,47,0,56.042618,1,0,1,0
2,102.06,1,0,3,1,70,0,116.150741,0,1,0,1
4,0.01,8956,0,12,4,31,1,80.519349,1,0,0,1
13,45.65,1,0,8,3,68,0,56.195676,1,0,1,0
9,88.49,29663,0,3,1,31,1,62.484308,1,0,1,0
3,212.97,10150,0,11,4,53,1,86.352099,1,0,1,0
3,0.01,1,0,2,1,20,0,89.246362,1,0,0,1
1,5.38,23597,0,8,3,59,1,82.757453,1,0,1,0
10,58.9,116611,0,2,1,28,2,57.705526,1,0,0,1
1,385.68,536401,0,5,2,32,2,86.4036,1,0,1,0
4,72.59,8562,0,8,3,69,1,64.53437,1,0,1,0
4,0.01,1,0,12,4,28,0,47.088481,0,1,0,1
8,102.96,19654,0,12,4,43,1,65.767649,1,0,0,1
8,29.82,1,0,11,4,41,0,50.780542,0,1,0,1
11,140.59,1,0,3,1,43,0,56.726462,0,1,1,0
4,30.31,8178,0,2,1,27,1,50.909253,0,1,1,0
5,34.65,509855,0,11,4,23,2,112.185544,0,1,0,1
5,211.14,17184,0,12,4,73,1,57.2266,0,1,0,1
0,16.93,27399,0,4,2,20,1,110.634031,1,0,1,0
10,75.95,762204,1,1,1,67,2,50.883437,1,0,0,1
7,51.1,1008223,0,8,3,63,2,56.586043,1,0,0,1
6,49.4,1,0,1,1,64,0,88.956005,0,1,0,1
13,14.89,1309,0,1,1,32,0,109.038613,0,1,1,0
2,21.93,3296,0,12,4,34,0,87.915703,0,1,0,1
13,138.39,1,0,6,2,45,0,80.234084,0,1,0,1
9,47.58,744,0,2,1,21,0,54.114889,1,0,1,0
3,11.17,1,0,8,3,51,0,81.835754,1,0,1,0
9,11.22,1,0,5,2,54,0,111.167913,1,0,0,1
10,78.18,1,0,7,3,31,0,118.429733,1,0,1,0
5,75.29,106523,0,11,4,37,2,118.12667,0,1,1,0
4,34.78,16453,0,3,1,32,1,58.059632,1,0,1,0
11,5.2,1,0,8,3,42,0,59.306166,0,1,0,1
2,57.53,43119,0,10,4,30,1,54.668183,0,1,0,1
0,31.19,1,0,6,2,20,0,56.964355,1,0,0,1
9,122.05,117093,0,12,4,26,2,55.845788,0,1,0,1
12,6.84,1,0,6,2,88,0,88.984859,1,0,0,1
7,48.06,27305,0,6,2,58,1,58.834397,0,1,1,0
1,45.01,51852,0,11,4,48,2,80.643558,0,1,1,0
7,54.23,6896,0,8,3,27,1,52.58209,1,0,1,0
3,0.01,216867,0,11,4,57,2,61.450407,0,1,1,0
11,2269.53,95236,0,10,4,58,2,111.817143,1,0,1,0
8,7.98,1,0,9,3,73,0,79.206893,0,1,0,1
4,18.9,1548373,0,3,1,34,2,45.655282,1,0,1,0
8,88.0,59515,0,5,2,39,2,63.885207,1,0,1,0
9,72.1,160148,0,11,4,41,2,55.868022,1,0,0,1
9,140.94,1,0,8,3,89,0,115.81399,1,0,1,0
5,102.06,1,0,4,2,37,0,118.654743,1,0,0,1
7,54.75,11915,0,4,2,28,1,65.678221,0,1,0,1
0,9.05,18731,0,10,4,43,1,109.744888,0,1,0,1
5,6.15,19117,0,3,1,63,1,78.887533,0,1,0,1
5,62.63,1,0,2,1,39,0,51.182057,1,0,1,0
7,27.54,7966,0,10,4,40,1,59.710808,1,0,0,1
13,2.24,20942,0,4,2,44,1,110.6388,0,1,1,0
13,27.56,1,0,10,4,95,0,47.39772,1,0,0,1
6,35.74,9386,0,7,3,66,1,65.336686,1,0,0,1
9,9.15,120152,0,12,4,26,2,78.831387,1,0,0,1
1,70.5,88426,0,7,3,51,2,64.314477,1,0,1,0
6,149.45,1,0,11,4,33,0,77.468043,1,0,0,1
9,4.28,1,0,11,4,93,0,79.083136,0,1,0,1
9,67.92,1,0,3,1,46,0,52.079993,1,0,0,1
13,64.9,1,0,12,4,36,0,62.115975,0,1,1,0
6,15.2,1,0,9,3,55,0,82.143559,1,0,0,1
12,19.54,40534,0,2,1,39,1,51.067622,1,0,1,0
13,0.01,2687,0,1,1,50,0,62.176786,0,1,1,0
8,43.42,16272,0,4,2,93,1,56.581843,0,1,0,1
1,30.74,1,0,1,1,29,0,57.88612,1,0,1,0
5,60.81,1,0,5,2,47,0,63.793693,1,0,1,0
10,25.1,4007,0,12,4,23,0,80.510538,0,1,0,1
8,21.93,304379,0,6,2,50,2,44.740843,1,0,0,1
13,21.13,7744,0,1,1,44,1,53.103824,0,1,1,0
11,0.01,1156,0,6,2,73,0,58.355781,1,0,1,0
0,29.12,72065,0,3,1,30,2,53.617822,0,1,1,0
12,68.17,14686,0,11,4,45,1,63.920168,1,0,1,0
5,20.17,64412,0,2,1,33,2,51.460225,0,1,0,1
11,21.77,1,0,10,4,28,0,63.783626,0,1,1,0
7,18.34,4452,0,6,2,46,0,78.643321,1,0,0,1
6,9.19,1742,0,1,1,55,0,50.825717,1,0,1,0
1,0.01,3491,0,9,3,49,0,58.928579,0,1,0,1
1,90.16,1,0,6,2,28,0,80.200356,0,1,0,1
8,3.8,15690,0,10,4,60,1,81.027995,1,0,0,1
7,4.88,14708,0,8,3,88,1,88.691723,0,1,1,0
7,86.6,8840,0,10,4,25,1,118.912816,0,1,1,0
2,114.94,1,0,6,2,57,0,63.789265,1,0,0,1
7,190.31,1,0,1,1,18,0,63.757252,0,1,1,0
0,73.24,13738,0,2,1,56,1,55.656169,1,0,0,1
2,64.92,18947,0,6,2,68,1,88.386125,0,1,0,1
6,108.06,10000,0,5,2,35,1,79.034302,1,0,1,0
8,89.59,1,0,10,4,30,0,57.100905,0,1,1,0
9,57.5,11994,0,5,2,36,1,50.812952,0,1,1,0
13,79.6,32729,0,11,4,35,1,64.477776,0,1,1,0
11,15.2,24394,0,3,1,47,1,79.580613,0,1,1,0
5,30.3,307140,0,5,2,43,2,88.75597,0,1,0,1
10,0.01,1,0,10,4,49,0,87.073346,0,1,0,1
1,13.57,63454,0,2,1,90,2,56.311314,0,1,1,0
12,32.1,4300,0,4,2,70,0,56.783432,1,0,0,1
5,0.01,1,0,10,4,58,0,79.074983,1,0,1,0
10,94.61,7110,0,8,3,27,1,116.024838,1,0,1,0
13,39.34,8914,0,10,4,51,1,65.191211,0,1,0,1
9,49.29,2013,0,7,3,52,0,63.769818,0,1,0,1
12,0.01,7028,0,11,4,71,1,111.963395,1,0,1,0
0,196.13,15132,0,11,4,43,1,47.816779,1,0,1,0
2,32.86,23636,0,12,4,29,1,110.854237,0,1,0,1
8,9.44,1,0,2,1,33,0,63.950936,0,1,1,0
7,109.31,1,0,8,3,36,0,52.029981,0,1,1,0
1,44.09,71502,0,2,1,26,2,53.631347,1,0,1,0
10,49.36,19172,0,3,1,38,1,57.873985,1,0,1,0
0,142.43,1,0,4,2,29,0,50.276082,1,0,0,1
13,55.95,256140,0,8,3,40,2,57.614224,0,1,0,1
2,16.73,1,0,6,2,51,0,55.272209,0,1,1,0
6,91.53,5225,0,11,4,37,1,58.042781,0,1,1,0
11,175.8,1,0,4,2,61,0,120.371142,1,0,1,0
7,104.35,184349,0,8,3,45,2,65.232157,1,0,1,0
10,113.75,11471,0,10,4,42,1,87.462101,0,1,1,0
9,66.81,1,0,12,4,19,0,48.718565,0,1,0,1
13,14.95,4038,0,3,1,64,0,53.214821,1,0,0,1
6,38.08,1,0,9,3,34,0,60.897112,0,1,0,1
13,96.35,10240,0,2,1,29,1,80.674823,0,1,1,0
7,127.25,8034,0,7,3,32,1,79.408106,1,0,1,0
12,102.08,1,0,5,2,46,0,114.667642,0,1,1,0
10,40.72,838,0,12,4,40,0,52.71128,0,1,1,0
1,207.01,286534,0,10,4,47,2,116.995825,0,1,1,0
9,70.7,7617,0,12,4,28,1,87.960163,1,0,1,0
12,97.85,1,0,11,4,64,0,48.475795,0,1,0,1
1,0.01,326603,0,5,2,27,2,79.603423,1,0,1,0
11,87.93,1224923,0,9,3,59,2,54.623277,0,1,1,0
1,55.3,320892,0,1,1,34,2,46.523488,1,0,0,1
12,135.17,16985,0,7,3,85,1,50.019172,0,1,0,1
11,62.85,5520,0,1,1,63,1,52.010535,0,1,0,1
2,101.56,2720,0,9,3,64,0,62.070066,1,0,1,0
10,3.48,1,0,12,4,64,0,54.648697,1,0,1,0
1,18.76,10657,0,9,3,24,1,64.629693,1,0,1,0
7,102.04,1,0,11,4,28,0,57.897496,0,1,1,0
12,4.37,4103,0,3,1,64,0,89.161092,0,1,0,1
2,58.86,13475,0,12,4,74,1,64.182362,0,1,0,1
2,32.89,1,0,7,3,49,0,62.891268,1,0,0,1
5,80.38,1,0,9,3,45,0,56.901682,1,0,0,1
5,89.24,1,0,10,4,28,0,52.633673,1,0,1,0
0,82.34,1,0,8,3,37,0,115.401589,0,1,1,0
6,45.99,17587,0,4,2,48,1,51.626209,0,1,0,1
3,64.21,11387,0,8,3,42,1,62.032192,1,0,0,1
1,114.97,29211,0,8,3,53,1,117.378253,1,0,0,1
3,115.68,23395,0,11,4,37,1,115.373004,0,1,0,1
0,40.83,1,0,6,2,41,0,57.874418,0,1,1,0
12,37.73,11360,0,7,3,24,1,61.967061,1,0,1,0
13,56.61,55710,0,7,3,23,2,55.479733,0,1,0,1
5,45.15,1,0,2,1,76,0,63.821651,1,0,1,0
12,54.33,8693,0,2,1,43,1,64.949652,1,0,0,1
6,79.27,1,0,1,1,32,0,80.17112,1,0,1,0
12,7.5,7919,0,8,3,58,1,111.317794,0,1,1,0
2,26.55,260774,0,6,2,22,2,52.919145,0,1,1,0
3,222.64,5997,0,11,4,71,1,63.649144,1,0,0,1
10,28.55,1,0,9,3,61,0,63.097131,0,1,1,0
3,26.69,12310,0,2,1,81,1,56.610154,0,1,1,0
11,128.38,16619,0,2,1,48,1,52.629229,0,1,0,1
5,5.47,1583925,0,5,2,23,2,51.991915,0,1,1,0
5,32.29,1,0,12,4,69,0,76.401211,1,0,1,0
6,63.45,1,0,1,1,32,0,62.114846,1,0,0,1
11,46.17,1,0,3,1,23,0,54.516149,1,0,0,1
0,35.26,1,0,1,1,33,0,86.48802,1,0,0,1
10,10.59,56102,0,5,2,42,2,49.437308,1,0,1,0
10,0.01,12078,0,12,4,32,1,53.344248,1,0,0,1
11,98.68,18638,0,9,3,50,1,62.634099,0,1,1,0
13,77.9,1,0,6,2,62,0,117.380098,1,0,0,1
10,24.05,1,0,2,1,90,0,64.21568,1,0,1,0
7,358.92,16506,0,5,2,18,1,54.951894,1,0,0,1
6,69.28,44439,0,7,3,45,1,49.246611,1,0,0,1
5,45.83,3956,0,4,2,46,0,57.873253,0,1,1,0
11,0.01,10673,0,9,3,83,1,49.12799,0,1,1,0
5,105.91,1,0,12,4,57,0,60.533364,1,0,0,1
8,51.36,1209,0,3,1,35,0,61.448817,0,1,0,1
1,0.01,25960,0,4,2,37,1,109.952435,0,1,0,1
4,47.35,43713,0,2,1,32,1,78.00794,0,1,0,1
3,0.01,57436,0,9,3,33,2,79.254667,1,0,0,1
6,36.17,661512,0,6,2,72,2,64.244271,0,1,1,0
7,15.62,14996,0,4,2,32,1,60.503842,0,1,1,0
10,84.64,9440,0,3,1,22,1,63.572287,0,1,0,1
6,0.01,1,0,1,1,66,0,46.354468,1,0,1,0
2,26.33,18282,0,6,2,63,1,54.741332,0,1,0,1
7,24.86,192405,0,9,3,27,2,88.16307,1,0,1,0
0,23.88,1,0,3,1,93,0,78.903643,1,0,1,0
11,16.36,19319,0,1,1,44,1,87.659479,0,1,1,0
10,39.86,1,0,6,2,45,0,62.845229,0,1,0,1
3,22.61,1502,0,9,3,37,0,117.471775,1,0,1,0
3,40.97,1,0,5,2,25,0,48.387085,0,1,1,0
0,0.01,18685,0,4,2,77,1,110.857389,0,1,0,1
5,131.36,1,0,2,1,54,0,115.620604,0,1,1,0
0,55.2,17237,0,9,3,46,1,51.952816,1,0,0,1
13,29.46,3221,0,11,4,29,0,81.121148,1,0,0,1
1,29.27,1,0,10,4,20,0,89.563655,0,1,1,0
9,75.65,1,0,7,3,30,0,59.136149,0,1,0,1
7,9.4,1,0,9,3,84,0,60.813068,0,1,1,0
3,0.01,13378,0,5,2,57,1,60.797658,0,1,1,0
11,68.07,11930,0,1,1,61,1,63.226253,0,1,0,1
1,40.77,1,0,5,2,68,0,56.852675,0,1,1,0
12,47.29,1,0,9,3,69,0,64.355352,1,0,1,0
10,121.09,1,0,8,3,63,0,117.417527,0,1,1,0
8,30.65,21353,0,12,4,46,1,89.824396,1,0,0,1
12,13.01,1,0,12,4,42,0,58.649376,0,1,1,0
5,75.75,25061,0,3,1,49,1,57.765913,1,0,1,0
3,22.28,1,0,1,1,59,0,58.991638,0,1,0,1
2,82.82,1,0,4,2,66,0,48.568448,1,0,1,0
12,94.08,1,0,11,4,51,0,63.505514,1,0,1,0
5,13.74,745379,0,10,4,40,2,64.402402,1,0,1,0
11,62.32,114735,0,2,1,63,2,63.56374,1,0,0,1
4,19.95,105833,0,2,1,69,2,57.782623,0,1,0,1
13,18.38,5192,0,7,3,49,1,63.12449,1,0,0,1
12,87.38,1,0,8,3,60,0,58.377335,0,1,1,0
4,50.75,1,0,12,4,54,0,55.662441,0,1,0,1
6,16.24,19920,0,10,4,38,1,57.4453,0,1,0,1
11,15.48,19368,0,3,1,27,1,59.776591,1,0,0,1
3,0.01,1,0,1,1,24,0,76.858481,1,0,1,0
0,77.48,1,0,8,3,38,0,64.092091,1,0,0,1
4,0.01,31897,0,7,3,52,1,88.415386,1,0,1,0
8,273.5,41325,0,12,4,77,1,116.083927,1,0,0,1
1,41.31,6095,0,7,3,46,1,56.688347,0,1,0,1
4,35.15,1,0,7,3,53,0,79.213045,1,0,1,0
12,151.82,1,0,4,2,21,0,78.790646,1,0,1,0
1,25.66,193442,0,2,1,59,2,54.164619,1,0,0,1
0,24.77,1,0,11,4,43,0,61.68368,1,0,1,0
5,217.39,238021,0,10,4,33,2,116.043271,1,0,0,1
0,39.99,1,0,2,1,52,0,59.375046,1,0,0,1
0,9.8,1,0,9,3,53,0,57.381166,0,1,1,0
2,240.21,1,0,5,2,28,0,115.957926,0,1,0,1
1,30.49,2544,0,6,2,45,0,52.748907,0,1,0,1
11,11.36,1,0,11,4,18,0,112.905927,0,1,1,0
1,28.4,1,0,11,4,48,0,58.147255,0,1,1,0
7,113.24,1,0,3,1,47,0,47.424641,1,0,1,0
9,91.65,1,0,4,2,40,0,57.862851,1,0,1,0
8,766.77,10457,0,10,4,37,1,80.111134,1,0,0,1
9,94.97,8509,0,12,4,61,1,115.75275,1,0,0,1
5,32.65,1,0,1,1,40,0,62.129601,1,0,0,1
12,19.97,1,0,11,4,39,0,57.394635,1,0,1,0
0,131.89,14718,0,6,2,36,1,56.87932,1,0,0,1
1,3.09,1,0,8,3,66,0,52.198588,0,1,0,1
11,1.74,1,0,1,1,18,0,51.400691,0,1,0,1
0,48.6,2312,0,9,3,47,0,63.711427,0,1,1,0
2,94.42,27254,0,9,3,38,1,119.086509,1,0,0,1
2,83.92,1,0,8,3,35,0,116.15647,1,0,0,1
0,85.63,12689,0,10,4,40,1,117.349247,0,1,1,0
1,112.32,1,0,12,4,46,0,48.374259,1,0,0,1
8,10.84,7384,0,11,4,42,1,47.673575,1,0,1,0
9,0.01,24647,0,9,3,47,1,59.079577,1,0,0,1
1,154.33,7552,0,12,4,81,1,82.064441,1,0,0,1
13,34.41,3345,0,9,3,62,0,48.392438,0,1,0,1
1,94.92,1,0,9,3,57,0,47.671346,0,1,0,1
9,68.32,276473,0,7,3,40,2,53.690333,1,0,1,0
11,70.22,1,0,10,4,45,0,49.437764,1,0,0,1
7,82.72,260220,0,1,1,54,2,50.132619,0,1,1,0
6,223.75,111761,0,7,3,36,2,116.21377,0,1,0,1
1,0.01,5383,0,6,2,46,1,87.074894,0,1,1,0
3,45.9,1,0,11,4,46,0,63.965369,1,0,1,0
11,45.68,1,0,1,1,26,0,55.220029,0,1,0,1
4,4.06,7806,0,8,3,20,1,63.037621,0,1,1,0
0,13.32,6688,0,3,1,47,1,81.45622,0,1,0,1
10,22.14,10667,0,11,4,48,1,49.850399,1,0,0,1
9,60.48,3730,0,11,4,23,0,80.728557,0,1,1,0
0,46.16,18937,0,3,1,30,1,63.306903,1,0,1,0
0,337.99,6673,0,11,4,24,1,80.039308,1,0,0,1
1,9.21,6255,0,6,2,43,1,80.266176,0,1,0,1
0,68.68,8973,0,12,4,55,1,59.410196,0,1,1,0
8,60.83,20917,0,9,3,81,1,63.117393,1,0,0,1
1,65.26,1,0,1,1,22,0,63.357271,1,0,0,1
8,13.18,493484,0,3,1,59,2,109.698325,1,0,1,0
