Time,V1,V2,V3,V4,V5,V6,V7,V8,V9,V10,V11,V12,V13,V14,V15,V16,V17,V18,V19,V20,V21,V22,V23,V24,V25,V26,V27,V28,Amount,prediction
80,74,63,8,64,65,4,45,9,74,26,93,75,29,71,60,42,57,14,24,56,98,38,10,83,27,90,92,43,5810,1
64,46,44,0,70,38,71,20,87,42,40,37,15,14,60,24,19,67,55,85,97,21,4,44,64,77,93,7,72,357,1
15,58,72,30,1,13,82,81,90,4,14,22,80,71,51,40,11,69,69,72,15,47,12,94,66,92,84,23,3,6166,0
13,0,97,78,29,1,65,92,48,75,60,78,26,65,87,66,63,68,21,56,27,62,82,27,3,10,60,45,2,5596,1
53,60,71,16,26,70,76,80,73,35,13,53,39,50,37,50,9,6,89,63,1,38,15,47,7,36,29,9,11,3792,1
55,70,27,3,54,46,26,23,77,65,87,89,97,45,39,38,28,17,64,77,70,26,91,60,86,9,80,50,80,6074,1
28,12,57,79,51,17,12,62,83,90,74,34,3,72,65,57,66,31,63,99,39,75,78,29,6,90,51,75,15,932,1
77,98,25,65,85,96,61,12,81,15,78,63,47,70,50,95,72,41,13,55,83,0,32,25,89,91,54,24,56,2427,1
43,61,88,67,37,4,37,59,58,11,67,19,54,22,12,91,3,76,75,64,21,17,10,20,43,85,83,81,29,6071,1
38,4,60,72,17,81,44,65,38,67,7,92,96,84,47,99,84,7,49,36,24,4,68,30,61,63,71,38,94,3718,0
63,92,41,98,61,89,90,40,93,9,50,10,37,26,77,18,90,11,96,19,63,20,33,61,36,54,77,49,50,782,0
0,28,59,62,65,53,54,85,53,16,65,5,95,66,70,83,5,88,9,22,73,82,94,4,94,53,32,85,98,4935,1
22,16,11,27,23,95,28,74,13,51,25,23,41,4,30,47,67,54,70,39,76,24,19,2,92,46,68,31,21,8696,1
73,26,33,68,14,61,3,16,46,83,41,43,85,24,46,20,32,9,97,68,19,54,50,41,0,15,0,66,17,7829,1
51,40,13,7,62,56,92,64,26,49,33,54,68,35,11,41,40,53,81,52,52,56,11,8,10,76,50,51,20,6915,1
68,78,86,86,42,45,5,76,15,10,56,39,1,69,57,74,0,71,30,57,6,33,56,82,91,12,64,59,85,8045,1
92,3,98,63,94,73,50,25,24,18,91,16,12,33,63,71,68,77,26,73,51,29,95,75,77,82,49,46,88,4212,1
4,63,37,21,60,15,22,94,35,46,22,53,10,32,28,13,76,81,18,8,57,5,97,31,14,37,61,12,74,5249,1
20,81,66,71,22,71,58,98,55,81,4,42,14,10,1,45,27,36,99,89,85,14,40,62,68,8,34,88,79,1288,0
46,54,39,17,66,86,70,10,6,12,24,87,16,83,4,64,95,80,23,23,11,11,52,88,95,33,85,42,7,2192,1
75,24,65,20,25,94,69,46,85,71,43,66,9,52,45,26,55,78,43,59,86,88,7,77,47,43,94,84,65,3636,1
5,23,89,93,86,24,25,97,27,21,12,9,65,19,81,6,71,94,77,15,36,18,43,67,49,97,78,39,18,2400,1
45,13,6,96,82,9,75,69,62,7,0,11,43,8,17,62,48,37,34,0,23,60,22,14,62,96,26,10,71,4800,1
27,57,18,9,84,20,85,73,86,78,6,90,78,0,83,12,61,92,25,27,67,73,65,98,39,57,45,99,95,6316,0
95,6,40,28,35,54,87,3,76,64,57,69,62,86,7,52,33,46,39,31,82,25,79,16,96,60,81,4,35,5621,1
83,47,14,44,16,91,55,21,1,40,71,2,31,90,67,80,75,90,58,3,0,81,18,17,63,75,35,47,99,3785,1
84,7,42,23,8,58,29,17,50,89,62,20,48,73,79,22,43,61,24,1,35,19,46,64,20,18,82,96,67,9206,1
11,55,78,94,50,33,38,41,29,23,81,56,27,99,49,25,6,24,45,97,16,31,60,93,90,86,69,44,81,3721,1
82,11,47,57,31,34,47,26,95,54,2,25,57,56,72,63,77,79,54,87,26,44,3,57,73,88,7,43,33,7585,1
94,18,16,46,49,63,49,55,36,50,83,47,13,93,19,44,89,95,6,18,38,6,37,86,1,74,72,86,49,1251,1
14,9,22,37,83,48,63,42,45,77,80,59,84,74,8,68,35,16,87,47,93,28,45,19,65,34,31,48,91,2934,1
67,10,58,87,32,31,42,96,20,45,84,75,67,51,14,46,53,29,17,4,59,41,30,32,70,24,19,53,39,8284,1
87,88,90,19,18,7,95,75,65,63,82,0,69,11,38,7,64,98,61,95,94,69,54,63,53,25,65,8,55,4043,1
60,48,51,53,30,37,30,36,71,98,90,77,49,54,33,49,94,70,38,45,74,76,8,69,2,78,33,6,61,7051,1
96,31,95,1,89,60,18,77,91,56,36,82,98,59,23,78,47,59,93,70,49,72,27,81,37,11,99,72,28,7038,1
69,95,3,80,40,97,88,44,31,62,18,38,56,81,80,55,23,21,44,5,14,99,87,45,12,16,44,36,69,7738,1
25,85,77,29,87,8,62,60,0,91,69,45,23,61,21,70,38,5,59,50,30,58,63,40,32,32,24,5,27,9121,0
32,51,4,22,57,69,10,87,33,39,61,32,53,82,27,67,30,23,84,88,54,22,44,92,19,70,95,30,34,7889,0
54,25,36,90,68,29,14,82,10,19,49,96,82,88,84,85,96,82,27,38,28,12,80,39,17,47,3,60,73,9363,1
33,5,24,12,24,72,97,18,61,29,44,70,36,28,10,3,97,22,98,67,87,66,62,6,74,58,39,79,5,7936,0
2,59,35,18,53,28,80,49,74,24,15,7,32,5,98,88,56,28,8,80,91,74,99,73,46,64,22,56,87,2462,1
88,84,85,36,93,43,91,51,80,20,97,46,88,68,31,58,62,30,41,79,41,30,58,35,80,21,15,98,25,3074,1
26,56,21,48,38,67,53,33,89,84,93,79,0,13,35,89,86,0,19,16,60,16,98,49,69,74,66,83,90,2004,1
40,94,34,74,41,74,40,24,16,41,1,76,83,16,41,86,73,19,40,14,65,8,25,53,27,35,2,64,83,3529,1
79,22,15,40,92,66,32,61,7,70,70,71,93,53,85,37,60,97,42,69,7,35,49,55,84,80,52,82,36,5496,1
18,83,67,33,13,36,41,7,88,0,58,97,59,60,96,28,91,52,56,42,98,15,16,65,48,14,91,55,26,4006,1
86,8,61,24,43,49,21,89,97,30,46,17,19,85,61,79,18,50,57,2,68,89,39,83,22,0,16,93,77,4620,1
52,34,12,38,90,79,2,29,5,27,53,85,92,3,91,23,85,83,62,76,31,1,66,5,45,95,14,70,54,725,1
85,1,53,39,15,6,51,31,12,94,37,27,42,27,26,17,78,66,60,66,78,83,72,68,76,23,92,0,46,2206,1
42,33,2,64,20,78,0,5,28,66,38,58,73,92,34,15,98,44,95,20,71,43,47,96,25,5,63,25,58,8640,0
37,64,46,5,91,87,74,63,82,86,64,1,24,18,94,76,70,75,20,91,66,3,59,26,34,56,6,68,93,4115,1
31,82,64,83,95,75,39,67,69,31,98,4,18,67,24,94,8,74,51,83,4,65,53,1,57,2,73,33,1,3265,1
3,30,28,69,74,84,77,88,54,47,47,49,21,9,32,33,44,42,67,74,33,71,36,36,79,6,41,69,24,1731,1
24,20,9,60,12,55,45,90,74,33,85,95,64,64,78,0,41,20,91,17,10,97,83,97,98,68,23,67,53,815,1
29,87,76,49,81,32,19,34,72,14,99,51,22,6,20,31,88,62,22,26,9,55,84,0,41,44,27,34,97,5031,1
47,43,79,6,10,30,35,22,63,26,19,13,17,20,36,82,92,45,92,90,99,34,5,7,78,83,76,65,52,8173,1
23,76,19,4,97,41,68,83,39,13,9,81,28,31,48,54,57,86,52,75,48,70,35,37,26,61,98,78,41,1217,0
66,49,20,41,76,80,83,13,98,85,75,74,6,62,55,29,81,3,79,7,79,48,89,71,16,22,74,58,86,3682,1
78,53,17,11,11,23,48,2,96,68,34,80,86,98,44,14,25,91,86,96,92,61,31,51,75,81,58,1,32,4785,1
21,17,87,25,55,35,67,48,17,1,8,84,33,38,16,53,93,55,83,54,77,49,24,95,42,79,53,52,66,1891,1
1,27,23,26,27,99,96,56,23,72,17,41,2,79,86,92,37,56,65,65,75,39,9,54,52,38,36,18,16,896,0
93,29,93,47,78,3,43,79,94,34,88,98,99,63,3,30,83,48,90,32,80,87,28,28,5,4,47,16,13,8779,1
97,69,75,52,99,25,81,52,44,58,94,12,71,57,43,81,65,18,46,44,50,64,85,79,93,17,11,41,75,6757,1
57,41,5,75,73,77,16,68,8,2,30,83,74,91,54,75,15,4,71,37,2,23,88,84,24,19,62,2,37,8020,1
17,42,26,89,56,92,78,37,18,59,23,35,72,12,82,48,99,38,68,71,45,68,55,46,71,31,4,94,84,6707,1
89,45,52,45,36,64,46,72,79,79,92,50,89,40,0,19,29,93,94,62,12,51,92,59,44,89,38,32,19,6011,1
59,19,74,10,19,12,7,86,30,97,54,64,35,42,99,1,10,27,74,98,81,85,2,13,38,1,57,20,62,806,0
98,21,0,14,46,50,52,91,34,73,59,94,79,89,68,96,36,84,3,25,61,59,81,89,9,29,20,37,96,5524,1
10,44,38,84,47,51,36,9,21,25,96,60,60,75,22,10,16,49,66,30,84,10,17,3,28,3,89,62,10,3544,0
48,77,92,59,34,19,6,1,41,3,32,65,7,15,13,59,58,63,32,61,69,42,42,43,31,49,10,14,4,356,0
35,80,32,95,59,11,1,15,14,88,76,55,52,49,92,39,24,65,80,6,95,92,14,11,33,87,37,54,89,7487,1
19,52,80,81,98,44,15,78,56,76,86,15,58,43,73,90,39,33,37,35,96,94,76,22,15,13,96,21,51,1733,1
50,79,45,51,75,16,8,6,52,48,89,21,77,1,97,73,2,58,48,60,46,95,69,48,50,20,67,61,59,5866,1
6,2,91,32,28,68,31,50,92,82,55,14,91,34,9,84,4,13,5,48,32,32,93,38,59,67,18,35,76,4500,1
62,67,55,43,21,40,66,70,75,52,52,24,46,21,42,72,50,89,78,11,34,84,77,23,60,40,9,74,14,4174,1
16,65,69,76,71,76,24,35,40,87,77,8,70,37,59,34,21,72,1,84,17,93,61,33,18,48,43,27,12,7291,1
30,89,84,50,3,62,13,71,3,57,63,40,20,48,62,4,82,11,12,94,72,77,67,24,55,59,12,80,60,1954,1
61,91,68,56,6,10,20,58,19,37,20,3,25,94,53,98,7,87,88,46,3,91,74,90,85,45,86,13,38,2550,1
41,90,30,88,77,22,73,28,68,80,42,73,5,39,56,16,1,26,0,82,89,45,20,52,67,50,79,73,78,7468,1
56,72,81,34,79,93,89,4,64,25,51,88,90,96,15,43,31,73,76,12,58,36,70,74,11,7,46,77,6,5047,0
76,68,73,2,5,98,98,14,22,38,68,52,61,95,29,35,51,8,82,58,20,96,26,66,54,66,97,97,64,8202,1
90,75,9,58,0,52,11,93,42,61,66,26,29,7,95,51,45,40,35,93,37,90,0,9,51,30,48,63,30,2048,1
65,99,29,73,33,88,59,0,51,22,16,72,50,80,58,11,20,64,31,10,62,52,13,34,72,73,28,29,45,319,0
81,37,82,77,52,39,86,79,60,53,95,62,51,55,66,2,26,47,29,28,8,78,1,50,8,62,56,19,31,7929,1
34,36,31,92,72,82,33,27,59,28,31,18,76,76,75,27,52,39,53,78,18,63,57,56,58,72,5,90,47,318,0
44,32,10,61,96,18,64,19,57,6,21,48,81,87,74,87,12,85,2,86,22,7,75,78,29,41,25,89,70,2563,1
39,39,83,13,2,26,23,57,43,32,28,31,63,46,18,21,69,10,36,9,44,46,64,72,56,52,70,91,40,3903,1
91,66,50,70,7,5,84,53,70,96,27,57,45,78,69,97,74,60,16,51,13,53,6,91,88,93,21,17,0,6516,1
66,93,96,99,48,21,79,39,25,93,11,67,4,2,90,56,13,34,73,53,5,2,86,76,87,26,42,3,63,1429,1
72,15,56,66,45,0,72,8,78,8,72,68,66,30,6,42,54,15,15,49,43,40,41,21,81,65,13,95,23,6336,1
70,38,70,15,58,59,93,38,2,43,5,91,11,25,5,36,46,2,33,21,88,67,51,58,40,28,87,76,42,4364,1
12,86,8,42,63,42,27,47,84,60,79,30,30,23,25,65,22,43,28,41,90,27,73,99,82,55,30,15,9,465,1
9,14,43,31,9,85,17,95,67,92,48,36,8,77,88,8,79,14,85,34,25,86,48,12,30,21,75,11,22,1290,1
36,71,54,85,67,90,99,66,32,17,73,44,94,44,64,61,49,35,50,33,42,80,96,80,13,69,59,22,48,918,1
58,62,48,91,88,47,34,30,47,95,35,61,44,17,2,9,59,25,4,29,64,50,90,18,35,84,1,26,44,8713,1
7,35,49,55,4,2,57,43,4,5,29,28,87,97,89,5,87,1,10,43,55,9,34,87,97,42,40,57,92,4519,1
49,97,7,54,39,57,60,54,49,44,39,33,38,41,40,77,14,12,72,13,29,13,21,42,23,71,8,28,68,2338,1
8,73,62,82,69,83,94,84,66,55,10,6,40,47,52,32,17,32,11,40,40,57,29,15,4,94,17,71,57,6196,1
71,50,1,35,44,14,9,32,11,36,45,29,34,36,76,93,80,51,47,92,53,37,23,85,99,39,55,87,82,5068,1
74,96,94,97,80,27,56,11,37,69,3,86,55,58,93,69,34,96,7,81,47,79,71,70,21,51,88,40,8,4187,1
